name,category
Adam & Company,Bank
Al Rayan Bank,Bank
Aldermore,Bank
Allied Irish Bank (GB),Bank
American Express,Bank
Arbuthnot Latham,Bank
Atom bank,Bank
Bank of Ireland UK,Bank
Bank of Scotland,Bank
Barclaycard,Bank
Barclays,Bank
C. Hoare & Co,Bank
Capital One UK,Bank
Charter Savings Bank,Bank
Chase UK,Bank
Child & Co,Bank
Close Brothers,Bank
Clydesdale Bank,Bank
Co-operative Bank,Bank
Coutts,Bank
Cynergy Bank,Bank
Danske Bank,Bank
Drummonds Bank,Bank
Duncan Lawrie,Bank
first direct,Bank
Gatehouse Bank,Bank
Goldman Sachs,Bank
Halifax,Bank
Hampshire Trust Bank,Bank
Handelsbanken,Bank
HSBC,Bank
Investec,Bank
J.P. Morgan Private Bank,Bank
Julian Hodge Bank,Bank
Julius Baer,Bank
Kroo,Bank
Lloyds Bank,Bank
M&S Bank,Bank
Marcus by Goldman Sachs,Bank
MBNA,Bank
Metro Bank,Bank
Monese,Bank
Monzo,Bank
Morgan Stanley,Bank
NatWest,Bank
NewDay,Bank
OakNorth Bank,Bank
Paragon Bank,Bank
Post Office Money,Bank
Revolut,Bank
Royal Bank of Scotland,Bank
Santander UK,Bank
Secure Trust Bank,Bank
Shawbrook Bank,Bank
Standard Chartered,Bank
Starling Bank,Bank
Tandem Bank,Bank
Tide,Bank
Triodos Bank,Bank
TSB,Bank
UBS,Bank
Vanquis Bank,Bank
Virgin Money,Bank
Weatherbys,Bank
Wise,Bank
Yorkshire Bank,Bank
Zopa,Bank
Bath Building Society,Building society
Beverley Building Society,Building society
Buckinghamshire Building Society,Building society
Cambridge Building Society,Building society
Chorley Building Society,Building society
Coventry Building Society,Building society
Cumberland Building Society,Building society
Darlington Building Society,Building society
Dudley Building Society,Building society
Earl Shilton Building Society,Building society
Ecology Building Society,Building society
Furness Building Society,Building society
Hanley Economic Building Society,Building society
Harpenden Building Society,Building society
Hinckley & Rugby Building Society,Building society
Holmesdale Building Society,Building society
Ipswich Building Society,Building society
Leeds Building Society,Building society
Leek United Building Society,Building society
Loughborough Building Society,Building society
Manchester Building Society,Building society
Mansfield Building Society,Building society
Market Harborough Building Society,Building society
Marsden Building Society,Building society
Melton Mutual Building Society,Building society
Monmouthshire Building Society,Building society
National Counties Building Society,Building society
Nationwide,Building society
Newbury Building Society,Building society
Newcastle Building Society,Building society
Nottingham Building Society,Building society
Penrith Building Society,Building society
Principality Building Society,Building society
Progressive Building Society,Building society
Saffron Building Society,Building society
Scottish Building Society,Building society
Skipton Building Society,Building society
Stafford Railway Building Society,Building society
Swansea Building Society,Building society
Teachers Building Society,Building society
Tipton & Coseley Building Society,Building society
Vernon Building Society,Building society
West Brom Building Society,Building society
Yorkshire Building Society,Building society
AIG Life,Insurance
Allianz,Insurance
AXA UK,Insurance
Beagle Street,Insurance
Bupa,Insurance
Canada Life,Insurance
Ecclesiastical,Insurance
LV=,Insurance
Policy Expert,Insurance
Scottish Friendly,Insurance
Simplyhealth,Insurance
Sun Life,Insurance
Unum,Insurance
Utmost Life and Pensions,Insurance
Vitality,Insurance
Wesleyan,Insurance
Zurich,Insurance
abrdn,Investments
AJ Bell,Investments
Albion Capital,Investments
Ascentric,Investments
Baillie Gifford,Investments
Barclays Smart Investor,Investments
Bestinvest,Investments
BlackRock,Investments
Brooks Macdonald,Investments
Canaccord Genuity Wealth,Investments
Charles Stanley,Investments
Coinbase,Investments
Computershare,Investments
Crowdcube,Investments
DEGIRO,Investments
dodl,Investments
Equiniti,Investments
eToro,Investments
Evelyn Partners,Investments
Fidelity,Investments
Freetrade,Investments
Funding Circle,Investments
Halifax Share Dealing,Investments
Hargreaves Lansdown,Investments
IG,Investments
Interactive Brokers,Investments
interactive investor,Investments
Investec Wealth & Investment,Investments
InvestEngine,Investments
Jupiter,Investments
Killik & Co,Investments
Kraken,Investments
Lightyear,Investments
Lloyds Bank Invest,Investments
M&G,Investments
Moneybox,Investments
Moneyfarm,Investments
Netwealth,Investments
Novia,Investments
Nucleus,Investments
Nutmeg,Investments
Octopus Investments,Investments
Parmenion,Investments
Plum,Investments
Quilter,Investments
Rathbones,Investments
RBC Brewin Dolphin,Investments
Republic (Seedrs),Investments
Sanlam,Investments
Saxo,Investments
Scalable Capital,Investments
Schroders Personal Wealth,Investments
Share Foundation,Investments
Shareworks,Investments
St. James's Place,Investments
Trading 212,Investments
Transact,Investments
Vanguard,Investments
Wealth Club,Investments
Wealthify,Investments
Aegon,Pension
Armed Forces Pension Scheme,Pension
Aviva,Pension
Barclays Pension Savings Plan,Pension
BP Pension Fund,Pension
BT Pension Scheme,Pension
Civil Service Pension (MyCSP),Pension
Curtis Banks,Pension
Cushon,Pension
Embark Group,Pension
Firefighters' Pension Scheme,Pension
HSBC Bank (UK) Pension Scheme,Pension
Just Group,Pension
Legal & General,Pension
Lloyds Banking Group Pension,Pension
Local Government Pension Scheme,Pension
NatWest Group Pension Fund,Pension
NEST,Pension
NHS Pension Scheme,Pension
NOW: Pensions,Pension
Penfold,Pension
PensionBee,Pension
Phoenix Life,Pension
Police Pension Scheme,Pension
Prudential,Pension
Railpen,Pension
Rolls-Royce Pension Fund,Pension
Royal London,Pension
Royal Mail Pension Plan,Pension
Sainsbury's Pension Scheme,Pension
Scottish Widows,Pension
Shell Pension Fund,Pension
Smart Pension,Pension
Standard Life,Pension
State Pension (DWP),Pension
Suffolk Life,Pension
Teachers' Pension Scheme,Pension
Tesco PLC Pension Scheme,Pension
The People's Pension,Pension
Unilever Pension Fund,Pension
Universities Superannuation Scheme (USS),Pension
Chip,Savings
Flagstone,Savings
NS&I,Savings
Raisin UK,Savings
