name,websiteUrl
abrdn,https://www.abrdn.com
Adam & Company,https://www.adambank.com
Aegon,https://www.aegon.co.uk
AIG Life,https://www.aig.co.uk
AJ Bell,https://www.ajbell.co.uk
Al Rayan Bank,https://www.alrayanbank.co.uk
Albion Capital,https://www.albion.capital
Aldermore,https://www.aldermore.co.uk
Allianz,https://www.allianz.co.uk
American Express,https://www.americanexpress.com/uk
Arbuthnot Latham,https://www.arbuthnotlatham.co.uk
Ascentric,https://www.ascentric.co.uk
Atom bank,https://www.atombank.co.uk
Aviva,https://www.aviva.co.uk
AXA UK,https://www.axa.co.uk
Baillie Gifford,https://www.bailliegifford.com
Bank of Scotland,https://www.bankofscotland.co.uk
Barclaycard,https://www.barclaycard.co.uk
Barclays,https://www.barclays.co.uk
Barclays Smart Investor,https://www.barclays.co.uk/smart-investor
Bath Building Society,https://www.bathbuildingsociety.co.uk
Beagle Street,https://www.beaglestreet.com
Bestinvest,https://www.bestinvest.co.uk
Beverley Building Society,https://www.beverleybs.co.uk
BlackRock,https://www.blackrock.com/uk
Brooks Macdonald,https://www.brooksmacdonald.com
Buckinghamshire Building Society,https://www.bucksbs.co.uk
Bupa,https://www.bupa.co.uk
C. Hoare & Co,https://www.hoaresbank.co.uk
Cambridge Building Society,https://www.cambridgebs.co.uk
Canaccord Genuity Wealth,https://www.canaccordgenuity.com
Canada Life,https://www.canadalife.co.uk
Capital One UK,https://www.capitalone.co.uk
Charter Savings Bank,https://www.chartersavingsbank.co.uk
Chase UK,https://www.chase.co.uk
Child & Co,https://www.childandco.co.uk
Chip,https://www.getchip.uk
Chorley Building Society,https://www.chorleybs.co.uk
Civil Service Pension (MyCSP),https://www.mycsp.co.uk
Close Brothers,https://www.closebrothers.com
Clydesdale Bank,https://www.virginmoney.com
Co-operative Bank,https://www.co-operativebank.co.uk
Coinbase,https://www.coinbase.com
Computershare,https://www.computershare.com/uk
Coutts,https://www.coutts.com
Coventry Building Society,https://www.coventrybuildingsociety.co.uk
Crowdcube,https://www.crowdcube.com
Cumberland Building Society,https://www.cumberland.co.uk
Curtis Banks,https://www.curtisbanks.co.uk
Cushon,https://www.cushon.co.uk
Cynergy Bank,https://www.cynergybank.co.uk
Danske Bank,https://danskebank.co.uk
Darlington Building Society,https://www.darlington.co.uk
DEGIRO,https://www.degiro.co.uk
dodl,https://www.dodl.co.uk
Drummonds Bank,https://www.drummonds.co.uk
Dudley Building Society,https://www.dudleybuildingsociety.co.uk
Duncan Lawrie,https://www.duncanlawrie.com
Earl Shilton Building Society,https://www.esbs.co.uk
Ecclesiastical,https://www.ecclesiastical.com
Ecology Building Society,https://www.ecology.co.uk
Embark Group,https://www.embarkgroup.co.uk
Equiniti,https://equiniti.com/uk
eToro,https://www.etoro.com
Evelyn Partners,https://www.evelyn.com
Fidelity,https://www.fidelity.co.uk
Firefighters' Pension Scheme,https://www.fpsmember.org
first direct,https://www.firstdirect.com
Flagstone,https://www.flagstoneim.com
Freetrade,https://freetrade.io
Funding Circle,https://www.fundingcircle.com
Furness Building Society,https://www.furnessbs.co.uk
Gatehouse Bank,https://www.gatehousebank.com
Goldman Sachs,https://www.goldmansachs.com
Halifax,https://www.halifax.co.uk
Halifax Share Dealing,https://www.halifax.co.uk/sharedealing
Hampshire Trust Bank,https://www.htb.co.uk
Handelsbanken,https://www.handelsbanken.co.uk
Hargreaves Lansdown,https://www.hl.co.uk
Harpenden Building Society,https://www.harpendenbs.co.uk
Hinckley & Rugby Building Society,https://www.hrbs.co.uk
HSBC,https://www.hsbc.co.uk
IG,https://www.ig.com/uk
Interactive Brokers,https://www.interactivebrokers.co.uk
interactive investor,https://www.ii.co.uk
Investec,https://www.investec.com
Investec Wealth & Investment,https://www.investec.com
InvestEngine,https://www.investengine.com
J.P. Morgan Private Bank,https://privatebank.jpmorgan.com
Julius Baer,https://www.juliusbaer.com
Jupiter,https://www.jupiteram.com
Just Group,https://www.justgroupplc.co.uk
Killik & Co,https://www.killik.com
Kraken,https://www.kraken.com
Kroo,https://kroo.com
Leeds Building Society,https://www.leedsbuildingsociety.co.uk
Leek United Building Society,https://www.leekunited.co.uk
Legal & General,https://www.legalandgeneral.com
Lightyear,https://lightyear.com
Lloyds Bank,https://www.lloydsbank.com
Lloyds Bank Invest,https://www.lloydsbank.com/investing
Local Government Pension Scheme,https://www.lgpsmember.org
Loughborough Building Society,https://www.theloughborough.co.uk
LV=,https://www.lv.com
M&S Bank,https://bank.marksandspencer.com
Mansfield Building Society,https://www.mansfieldbs.co.uk
Marcus by Goldman Sachs,https://www.marcus.co.uk
Market Harborough Building Society,https://www.mhbs.co.uk
MBNA,https://www.mbna.co.uk
Metro Bank,https://www.metrobankonline.co.uk
Monese,https://monese.com
Moneybox,https://www.moneyboxapp.com
Moneyfarm,https://www.moneyfarm.com
Monmouthshire Building Society,https://www.monbs.com
Monzo,https://monzo.com
Morgan Stanley,https://www.morganstanley.com
National Counties Building Society,https://www.ncbs.co.uk
Nationwide,https://www.nationwide.co.uk
NatWest,https://www.natwest.com
NEST,https://www.nestpensions.org.uk
Netwealth,https://www.netwealth.com
Newbury Building Society,https://www.newbury.co.uk
Newcastle Building Society,https://www.newcastle.co.uk
NewDay,https://www.newday.co.uk
NHS Pension Scheme,https://www.nhsbsa.nhs.uk/member-hub
Nottingham Building Society,https://www.thenottingham.com
Novia,https://www.novia-financial.co.uk
NOW: Pensions,https://www.nowpensions.com
NS&I,https://www.nsandi.com
Nucleus,https://www.nucleusfinancial.com
Nutmeg,https://www.nutmeg.com
OakNorth Bank,https://www.oaknorth.co.uk
Octopus Investments,https://www.octopusinvestments.com
Paragon Bank,https://www.paragonbank.co.uk
Parmenion,https://www.parmenion.co.uk
Penrith Building Society,https://www.penrithbs.co.uk
PensionBee,https://www.pensionbee.com
Phoenix Life,https://www.thephoenixgroup.com
Plum,https://withplum.com
Policy Expert,https://www.policyexpert.co.uk
Post Office Money,https://www.postoffice.co.uk/money
Principality Building Society,https://www.principality.co.uk
Progressive Building Society,https://www.theprogressive.com
Prudential,https://www.pru.co.uk
Quilter,https://www.quilter.com
Railpen,https://www.railpen.com
Raisin UK,https://www.raisin.co.uk
Rathbones,https://www.rathbones.com
RBC Brewin Dolphin,https://www.brewin.co.uk
Republic (Seedrs),https://republic.com
Revolut,https://www.revolut.com
Royal Bank of Scotland,https://www.rbs.co.uk
Royal London,https://www.royallondon.com
Saffron Building Society,https://www.saffronbs.co.uk
Sanlam,https://www.sanlam.co.uk
Santander UK,https://www.santander.co.uk
Saxo,https://www.home.saxo/en-gb
Scalable Capital,https://scalable.capital
Schroders Personal Wealth,https://www.schroders.com
Scottish Building Society,https://www.scottishbs.co.uk
Scottish Friendly,https://www.scottishfriendly.co.uk
Scottish Widows,https://www.scottishwidows.co.uk
Secure Trust Bank,https://www.securetrustbank.com
Share Foundation,https://www.sharefound.org
Shawbrook Bank,https://www.shawbrook.co.uk
Simplyhealth,https://www.simplyhealth.co.uk
Skipton Building Society,https://www.skipton.co.uk
Smart Pension,https://www.smartpension.co.uk
St. James's Place,https://www.sjp.co.uk
Stafford Railway Building Society,https://www.srbs.co.uk
Standard Chartered,https://www.sc.com/uk
Standard Life,https://www.standardlife.co.uk
Starling Bank,https://www.starlingbank.com
State Pension (DWP),https://www.gov.uk/check-state-pension
Sun Life,https://www.sunlife.co.uk
Swansea Building Society,https://www.swansea-bs.co.uk
Tandem Bank,https://www.tandem.co.uk
Teachers Building Society,https://www.teachersbs.co.uk
Teachers' Pension Scheme,https://www.teacherspensions.co.uk
The People's Pension,https://www.peoplespension.co.uk
Tide,https://www.tide.co
Tipton & Coseley Building Society,https://www.thetipton.co.uk
Trading 212,https://www.trading212.com
Transact,https://www.transact-online.co.uk
Triodos Bank,https://www.triodos.co.uk
TSB,https://www.tsb.co.uk
UBS,https://www.ubs.com/uk
Universities Superannuation Scheme (USS),https://www.uss.co.uk
Unum,https://www.unum.co.uk
Utmost Life and Pensions,https://www.utmostlifeandpensions.com
Vanguard,https://www.vanguardinvestor.co.uk
Vanquis Bank,https://www.vanquis.co.uk
Virgin Money,https://uk.virginmoney.com
Vitality,https://www.vitality.co.uk
Wealth Club,https://www.wealthclub.com
Wealthify,https://www.wealthify.com
Weatherbys,https://www.weatherbys.bank
Wesleyan,https://www.wesleyan.co.uk
West Brom Building Society,https://www.westbrom.co.uk
Wise,https://wise.com
Yorkshire Bank,https://www.virginmoney.com
Yorkshire Building Society,https://www.ybs.co.uk
Zopa,https://www.zopa.com
Zurich,https://www.zurich.co.uk
M&G,https://www.mandg.com
